code,name,market,price,sector,business_nature,latest_paid_year,latest_paid_total_div,current_yield_pct,sum_5y_div,avg_5y_yield_pct,years_5y,years_10y,pass_10y_rule
8422,可寧衛*,TWSE,25.6,電子通路業,Waste Management,2026,1.1981,4.68,49.9291,39.01,"2021,2022,2023,2024,2025","2016,2017,2018,2019,2020,2021,2022,2023,2024,2025",True
5904,寶雅*,TPEX,69.5,38,,2026,25.5,36.69,98.3,28.29,"2021,2022,2023,2024,2025","2016,2017,2018,2019,2020,2021,2022,2023,2024,2025",True
4763,材料*-KY,TWSE,46.35,化學生技醫療,Specialty Chemicals,2026,3.05,6.58,58.6431,25.3,"2021,2022,2023,2024,2025","2016,2017,2018,2019,2020,2021,2022,2023,2024,2025",True
2548,華固,TWSE,91.2,建材營造,Real Estate - Development,2026,8.5,9.32,36.5,8.0,"2021,2022,2023,2024,2025","2016,2017,2018,2019,2020,2021,2022,2023,2024,2025",True
9910,豐泰,TWSE,66.3,其他電子業,Footwear & Accessories,2026,4.1,6.18,26.1,7.87,"2021,2022,2023,2024,2025","2016,2017,2018,2019,2020,2021,2022,2023,2024,2025",True
1102,亞泥,TWSE,35.9,水泥工業,Building Materials,2026,2.3,6.41,13.4621,7.5,"2021,2022,2023,2024,2025","2016,2017,2018,2019,2020,2021,2022,2023,2024,2025",True
0052,富邦科技,TWSE,67.65,ETF,,2026,1.199,1.77,24.882,7.36,"2021,2022,2023,2024,2025","2016,2017,2018,2019,2020,2021,2022,2023,2024,2025",True
9921,巨大,TWSE,91.8,其他電子業,Leisure,2026,1.8186,1.98,33.0,7.19,"2021,2022,2023,2024,2025","2016,2017,2018,2019,2020,2021,2022,2023,2024,2025",True
8213,志超,TWSE,37.7,觀光餐旅,Electronic Components,2026,1.14,3.02,13.38,7.1,"2021,2022,2023,2024,2025","2016,2017,2018,2019,2020,2021,2022,2023,2024,2025",True
1477,聚陽,TWSE,202.5,紡織纖維,Apparel Manufacturing,2026,15.0,7.41,71.7,7.08,"2021,2022,2023,2024,2025","2016,2017,2018,2019,2020,2021,2022,2023,2024,2025",True
2385,群光,TWSE,105.0,觀光餐旅,Computer Hardware,2026,7.2,6.86,36.9,7.03,"2021,2022,2023,2024,2025","2016,2017,2018,2019,2020,2021,2022,2023,2024,2025",True
6121,新普,TPEX,364.0,文化創意業,,2026,12.3,3.38,124.4,6.84,"2021,2022,2023,2024,2025","2016,2017,2018,2019,2020,2021,2022,2023,2024,2025",True
2458,義隆,TWSE,134.0,其他電子業,Semiconductors,2026,8.8505,6.6,44.5266,6.65,"2021,2022,2023,2024,2025","2016,2017,2018,2019,2020,2021,2022,2023,2024,2025",True
2542,興富發,TWSE,38.8,建材營造,Real Estate - Development,2026,4.0,10.31,12.5128,6.45,"2021,2022,2023,2024,2025","2016,2017,2018,2019,2020,2021,2022,2023,2024,2025",True
2439,美律,TWSE,78.7,電子商務,Consumer Electronics,2026,4.0842,5.19,24.951,6.34,"2021,2022,2023,2024,2025","2016,2017,2018,2019,2020,2021,2022,2023,2024,2025",True
3034,聯詠,TWSE,529.0,其他電子業,Semiconductors,2026,23.0,4.35,164.1,6.2,"2021,2022,2023,2024,2025","2016,2017,2018,2019,2020,2021,2022,2023,2024,2025",True
1101,台泥,TWSE,25.5,水泥工業,Building Materials,2026,0.8,3.14,7.8664,6.17,"2021,2022,2023,2024,2025","2016,2017,2018,2019,2020,2021,2022,2023,2024,2025",True
2474,可成,TWSE,199.0,電腦及周邊設備業,Metal Fabrication,2026,7.1139,3.57,61.2003,6.15,"2021,2022,2023,2024,2025","2016,2017,2018,2019,2020,2021,2022,2023,2024,2025",True
5871,中租-KY,TWSE,106.0,其他,Credit Services,2026,6.0,5.66,31.6,5.96,"2021,2022,2023,2024,2025","2016,2017,2018,2019,2020,2021,2022,2023,2024,2025",True
8016,矽創,TWSE,289.5,其他電子業,Semiconductors,2026,11.5,3.97,85.5,5.91,"2021,2022,2023,2024,2025","2016,2017,2018,2019,2020,2021,2022,2023,2024,2025",True
4915,致伸,TWSE,62.9,觀光餐旅,Consumer Electronics,2026,4.5692,7.26,18.2045,5.79,"2021,2022,2023,2024,2025","2016,2017,2018,2019,2020,2021,2022,2023,2024,2025",True
4961,天鈺,TWSE,179.0,其他電子業,Semiconductors,2026,7.72,4.31,51.5103,5.76,"2021,2022,2023,2024,2025","2016,2017,2018,2019,2020,2021,2022,2023,2024,2025",True
3209,全科,TWSE,46.5,電子工業,Communication Equipment,2026,2.5,5.38,13.3612,5.75,"2021,2022,2023,2024,2025","2016,2017,2018,2019,2020,2021,2022,2023,2024,2025",True
2352,佳世達,TWSE,28.9,文化創意業,Computer Hardware,2026,1.0,3.46,8.31,5.75,"2021,2022,2023,2024,2025","2016,2017,2018,2019,2020,2021,2022,2023,2024,2025",True
2353,宏碁,TWSE,31.3,文化創意業,Computer Hardware,2026,1.3,4.15,8.58,5.48,"2021,2022,2023,2024,2025","2016,2017,2018,2019,2020,2021,2022,2023,2024,2025",True
2105,正新,TWSE,30.35,橡膠工業,Auto Parts,2026,1.8,5.93,8.2,5.4,"2021,2022,2023,2024,2025","2016,2017,2018,2019,2020,2021,2022,2023,2024,2025",True
3293,鈊象,TPEX,788.0,光電業,,2026,36.0,4.57,211.0,5.36,"2021,2022,2023,2024,2025","2016,2017,2018,2019,2020,2021,2022,2023,2024,2025",True
2034,允強,TWSE,24.15,鋼鐵工業,Steel,2026,1.0,4.14,6.4685,5.36,"2021,2022,2023,2024,2025","2016,2017,2018,2019,2020,2021,2022,2023,2024,2025",True
2002,中鋼,TWSE,18.95,鋼鐵工業,Steel,2026,0.15,0.79,5.08,5.36,"2021,2022,2023,2024,2025","2016,2017,2018,2019,2020,2021,2022,2023,2024,2025",True
8081,致新,TWSE,262.5,其他電子業,Semiconductors,2026,16.0,6.1,69.5,5.3,"2021,2022,2023,2024,2025","2016,2017,2018,2019,2020,2021,2022,2023,2024,2025",True
5388,中磊,TWSE,74.0,電子商務,Communication Equipment,2026,2.5,3.38,19.0999,5.16,"2021,2022,2023,2024,2025","2016,2017,2018,2019,2020,2021,2022,2023,2024,2025",True
3014,聯陽,TWSE,149.0,其他電子業,Semiconductors,2026,8.5017,5.71,38.0,5.1,"2021,2022,2023,2024,2025","2016,2017,2018,2019,2020,2021,2022,2023,2024,2025",True
1434,福懋,TWSE,18.95,紡織纖維,Textile Manufacturing,2026,0.5,2.64,4.8,5.07,"2021,2022,2023,2024,2025","2016,2017,2018,2019,2020,2021,2022,2023,2024,2025",True
6146,耕興,TPEX,191.5,電腦及周邊設備業,,2026,17.5,9.14,47.9,5.0,"2021,2022,2023,2024,2025","2016,2017,2018,2019,2020,2021,2022,2023,2024,2025",True
1402,遠東新,TWSE,28.6,紡織纖維,Textile Manufacturing,2026,1.25,4.37,7.15,5.0,"2021,2022,2023,2024,2025","2016,2017,2018,2019,2020,2021,2022,2023,2024,2025",True
2393,億光,TWSE,68.0,農業科技業,Electronic Components,2026,4.5,6.62,16.76,4.93,"2021,2022,2023,2024,2025","2016,2017,2018,2019,2020,2021,2022,2023,2024,2025",True
9904,寶成,TWSE,24.95,其他電子業,Footwear & Accessories,2026,1.3,5.21,6.1,4.89,"2021,2022,2023,2024,2025","2016,2017,2018,2019,2020,2021,2022,2023,2024,2025",True
4938,和碩,TWSE,90.0,文化創意業,Computer Hardware,2026,4.0094,4.45,21.997,4.89,"2021,2022,2023,2024,2025","2016,2017,2018,2019,2020,2021,2022,2023,2024,2025",True
1476,儒鴻,TWSE,297.0,紡織纖維,Apparel Manufacturing,2026,15.0,5.05,70.5,4.75,"2021,2022,2023,2024,2025","2016,2017,2018,2019,2020,2021,2022,2023,2024,2025",True
9933,中鼎,TWSE,43.55,其他,Engineering & Construction,2026,0.9538,2.19,10.2074,4.69,"2021,2022,2023,2024,2025","2016,2017,2018,2019,2020,2021,2022,2023,2024,2025",True
2006,東和鋼鐵,TWSE,85.9,鋼鐵工業,Steel,2026,4.3,5.01,19.6,4.56,"2021,2022,2023,2024,2025","2016,2017,2018,2019,2020,2021,2022,2023,2024,2025",True
2812,台中銀,TWSE,18.85,金融保險,Banks - Regional,2026,1.06,5.62,4.24,4.5,"2021,2022,2023,2024,2025","2016,2017,2018,2019,2020,2021,2022,2023,2024,2025",True
8112,至上,TWSE,83.7,電子工業,Semiconductors,2026,3.8005,4.54,18.7859,4.49,"2021,2022,2023,2024,2025","2016,2017,2018,2019,2020,2021,2022,2023,2024,2025",True
8070,長華*,TWSE,51.5,電子工業,Electronics & Computer Distribution,2026,2.0,3.88,11.4582,4.45,"2021,2022,2023,2024,2025","2016,2017,2018,2019,2020,2021,2022,2023,2024,2025",True
2637,慧洋-KY,TWSE,96.8,航運業,Marine Shipping,2026,3.5,3.62,21.25,4.39,"2021,2022,2023,2024,2025","2016,2017,2018,2019,2020,2021,2022,2023,2024,2025",True
3596,智易,TWSE,157.0,電子商務,Communication Equipment,2026,9.0,5.73,34.2075,4.36,"2021,2022,2023,2024,2025","2016,2017,2018,2019,2020,2021,2022,2023,2024,2025",True
1301,台塑,TWSE,75.4,塑膠工業,Specialty Chemicals,2026,0.5,0.66,16.3,4.32,"2021,2022,2023,2024,2025","2016,2017,2018,2019,2020,2021,2022,2023,2024,2025",True
2377,微星,TWSE,156.0,文化創意業,Computer Hardware,2026,4.2,2.69,33.6,4.31,"2021,2022,2023,2024,2025","2016,2017,2018,2019,2020,2021,2022,2023,2024,2025",True
2615,萬海,TWSE,111.5,航運業,Marine Shipping,2026,3.0,2.69,24.0,4.3,"2021,2022,2023,2024,2025","2016,2017,2018,2019,2020,2021,2022,2023,2024,2025",True
0056,元大高股息,TWSE,58.45,ETF,,2026,3.216,5.5,12.532,4.29,"2021,2022,2023,2024,2025","2016,2017,2018,2019,2020,2021,2022,2023,2024,2025",True
2912,統一超,TWSE,213.5,貿易百貨,Grocery Stores,2026,9.0,4.22,45.0,4.22,"2021,2022,2023,2024,2025","2016,2017,2018,2019,2020,2021,2022,2023,2024,2025",True
2324,仁寶,TWSE,36.1,文化創意業,Computer Hardware,2026,1.1,3.05,7.4,4.1,"2021,2022,2023,2024,2025","2016,2017,2018,2019,2020,2021,2022,2023,2024,2025",True
5880,合庫金,TWSE,26.55,金融保險,Banks - Regional,2026,1.05,3.95,5.35,4.03,"2021,2022,2023,2024,2025","2016,2017,2018,2019,2020,2021,2022,2023,2024,2025",True
2027,大成鋼,TWSE,47.75,鋼鐵工業,Steel,2026,1.5,3.14,9.4,3.94,"2021,2022,2023,2024,2025","2016,2017,2018,2019,2020,2021,2022,2023,2024,2025",True
2347,聯強,TWSE,96.8,電子工業,Electronics & Computer Distribution,2026,4.2,4.34,18.8,3.88,"2021,2022,2023,2024,2025","2016,2017,2018,2019,2020,2021,2022,2023,2024,2025",True
2834,臺企銀,TWSE,17.55,金融保險,Banks - Regional,2026,1.0,5.7,3.4,3.87,"2021,2022,2023,2024,2025","2016,2017,2018,2019,2020,2021,2022,2023,2024,2025",True
6409,旭隼,TWSE,888.0,電腦及周邊設備業,Electrical Equipment & Parts,2026,36.7702,4.14,171.0743,3.85,"2021,2022,2023,2024,2025","2016,2017,2018,2019,2020,2021,2022,2023,2024,2025",True
1216,統一,TWSE,75.5,食品工業,Packaged Foods,2026,3.0,3.97,14.55,3.85,"2021,2022,2023,2024,2025","2016,2017,2018,2019,2020,2021,2022,2023,2024,2025",True
4966,譜瑞-KY,TPEX,558.0,其他電子業,,2026,17.7912,3.19,107.0445,3.84,"2021,2022,2023,2024,2025","2016,2017,2018,2019,2020,2021,2022,2023,2024,2025",True
3413,京鼎,TWSE,288.5,其他電子業,Semiconductor Equipment & Materials,2026,10.9838,3.81,55.1871,3.83,"2021,2022,2023,2024,2025","2016,2017,2018,2019,2020,2021,2022,2023,2024,2025",True
5483,中美晶,TPEX,216.5,其他電子業,,2026,3.5,1.62,41.3,3.82,"2021,2022,2023,2024,2025","2016,2017,2018,2019,2020,2021,2022,2023,2024,2025",True
2515,中工,TWSE,12.15,建材營造,Engineering & Construction,2026,0.501,4.12,2.316,3.81,"2021,2022,2023,2024,2025","2016,2017,2018,2019,2020,2021,2022,2023,2024,2025",True
9939,宏全,TWSE,127.5,其他,Packaging & Containers,2026,6.2,4.86,24.25,3.8,"2021,2022,2023,2024,2025","2016,2017,2018,2019,2020,2021,2022,2023,2024,2025",True
3005,神基,TWSE,118.0,文化創意業,Computer Hardware,2026,6.7891,5.75,21.9406,3.72,"2021,2022,2023,2024,2025","2016,2017,2018,2019,2020,2021,2022,2023,2024,2025",True
6005,群益證,TWSE,32.55,金融保險,Capital Markets,2026,1.71,5.25,5.97,3.67,"2021,2022,2023,2024,2025","2016,2017,2018,2019,2020,2021,2022,2023,2024,2025",True
5876,上海商銀,TWSE,49.5,金融保險,Banks - Regional,2026,1.9,3.84,8.9,3.6,"2021,2022,2023,2024,2025","2016,2017,2018,2019,2020,2021,2022,2023,2024,2025",True
1708,東鹼,TWSE,57.3,化學生技醫療,Chemicals,2026,1.6,2.79,10.3,3.6,"2021,2022,2023,2024,2025","2016,2017,2018,2019,2020,2021,2022,2023,2024,2025",True
6438,迅得,TWSE,165.5,電腦及周邊設備業,Specialty Industrial Machinery,2026,2.0,1.21,29.5687,3.57,"2021,2022,2023,2024,2025","2016,2017,2018,2019,2020,2021,2022,2023,2024,2025",True
1409,新纖,TWSE,26.15,紡織纖維,Textile Manufacturing,2026,0.9,3.44,4.65,3.56,"2021,2022,2023,2024,2025","2016,2017,2018,2019,2020,2021,2022,2023,2024,2025",True
3045,台灣大,TWSE,122.5,電子商務,Specialty Retail,2026,4.7443,3.87,21.6995,3.54,"2021,2022,2023,2024,2025","2016,2017,2018,2019,2020,2021,2022,2023,2024,2025",True
6206,飛捷,TWSE,134.5,文化創意業,Computer Hardware,2026,5.5,4.09,23.5,3.49,"2021,2022,2023,2024,2025","2016,2017,2018,2019,2020,2021,2022,2023,2024,2025",True
2103,台橡,TWSE,29.0,橡膠工業,Specialty Chemicals,2026,0.27,0.93,5.03,3.47,"2021,2022,2023,2024,2025","2016,2017,2018,2019,2020,2021,2022,2023,2024,2025",True
2606,裕民,TWSE,74.5,航運業,Marine Shipping,2026,2.8,3.76,12.8,3.44,"2021,2022,2023,2024,2025","2016,2017,2018,2019,2020,2021,2022,2023,2024,2025",True
0050,元大台灣50,TWSE,116.05,ETF,,2026,1.6,1.38,19.96,3.44,"2021,2022,2023,2024,2025","2016,2017,2018,2019,2020,2021,2022,2023,2024,2025",True
1319,東陽,TWSE,80.0,汽車工業,Auto Parts,2026,5.0,6.25,13.45,3.36,"2021,2022,2023,2024,2025","2016,2017,2018,2019,2020,2021,2022,2023,2024,2025",True
3029,零壹,TWSE,115.5,半導體業,Computer Hardware,2026,5.5,4.76,19.2024,3.33,"2021,2022,2023,2024,2025","2016,2017,2018,2019,2020,2021,2022,2023,2024,2025",True
3376,新日興,TWSE,169.0,觀光餐旅,Metal Fabrication,2026,3.9997,2.37,27.9833,3.31,"2021,2022,2023,2024,2025","2016,2017,2018,2019,2020,2021,2022,2023,2024,2025",True
6224,聚鼎,TWSE,80.2,觀光餐旅,Electronic Components,2026,1.25,1.56,13.25,3.3,"2021,2022,2023,2024,2025","2016,2017,2018,2019,2020,2021,2022,2023,2024,2025",True
4755,三福化,TWSE,127.5,化學生技醫療,Specialty Chemicals,2026,3.7,2.9,20.9,3.28,"2021,2022,2023,2024,2025","2016,2017,2018,2019,2020,2021,2022,2023,2024,2025",True
6525,捷敏-KY,TWSE,142.0,其他電子業,Semiconductors,2026,5.0,3.52,23.2,3.27,"2021,2022,2023,2024,2025","2016,2017,2018,2019,2020,2021,2022,2023,2024,2025",True
2412,中華電,TWSE,145.5,電子商務,Telecom Services,2026,5.2,3.57,23.374,3.21,"2021,2022,2023,2024,2025","2016,2017,2018,2019,2020,2021,2022,2023,2024,2025",True
8464,億豐,TWSE,365.5,38,"Furnishings, Fixtures & Appliances",2026,16.0,4.38,58.5,3.2,"2021,2022,2023,2024,2025","2016,2017,2018,2019,2020,2021,2022,2023,2024,2025",True
2886,兆豐金,TWSE,49.8,金融保險,Banks - Regional,2026,1.75,3.51,7.95,3.19,"2021,2022,2023,2024,2025","2016,2017,2018,2019,2020,2021,2022,2023,2024,2025",True
4904,遠傳,TWSE,106.0,電子商務,Telecom Services,2026,3.8093,3.59,16.56,3.12,"2021,2022,2023,2024,2025","2016,2017,2018,2019,2020,2021,2022,2023,2024,2025",True
1440,南紡,TWSE,13.95,紡織纖維,Textile Manufacturing,2026,0.3,2.15,2.15,3.08,"2021,2022,2023,2024,2025","2016,2017,2018,2019,2020,2021,2022,2023,2024,2025",True
8131,福懋科,TWSE,68.2,其他電子業,Semiconductors,2026,1.0,1.47,10.45,3.06,"2021,2022,2023,2024,2025","2016,2017,2018,2019,2020,2021,2022,2023,2024,2025",True
8926,台汽電,TWSE,60.3,資訊服務業,Engineering & Construction,2026,2.1197,3.52,9.176,3.04,"2021,2022,2023,2024,2025","2016,2017,2018,2019,2020,2021,2022,2023,2024,2025",True
2207,和泰車,TWSE,526.0,汽車工業,Auto & Truck Dealerships,2026,20.0,3.8,79.2,3.01,"2021,2022,2023,2024,2025","2016,2017,2018,2019,2020,2021,2022,2023,2024,2025",True
6579,研揚,TWSE,153.0,文化創意業,Computer Hardware,2026,3.75,2.45,22.8714,2.99,"2021,2022,2023,2024,2025","2016,2017,2018,2019,2020,2021,2022,2023,2024,2025",True
1605,華新,TWSE,39.9,電器電纜,Steel,2026,0.5,1.25,5.9,2.96,"2021,2022,2023,2024,2025","2016,2017,2018,2019,2020,2021,2022,2023,2024,2025",True
2379,瑞昱,TWSE,741.0,其他電子業,Semiconductors,2026,25.0,3.37,109.0,2.94,"2021,2022,2023,2024,2025","2016,2017,2018,2019,2020,2021,2022,2023,2024,2025",True
2892,第一金,TWSE,38.9,金融保險,Banks - Regional,2026,1.3,3.34,5.65,2.9,"2021,2022,2023,2024,2025","2016,2017,2018,2019,2020,2021,2022,2023,2024,2025",True
5285,界霖,TWSE,97.8,其他電子業,Semiconductors,2026,1.5,1.53,13.9116,2.84,"2021,2022,2023,2024,2025","2016,2017,2018,2019,2020,2021,2022,2023,2024,2025",True
8069,元太,TPEX,144.0,農業科技業,,2026,5.8882,4.09,19.8654,2.76,"2021,2022,2023,2024,2025","2016,2017,2018,2019,2020,2021,2022,2023,2024,2025",True
2356,英業達,TWSE,58.1,文化創意業,Computer Hardware,2026,2.0,3.44,7.95,2.74,"2021,2022,2023,2024,2025","2016,2017,2018,2019,2020,2021,2022,2023,2024,2025",True
5469,瀚宇博,TWSE,80.5,觀光餐旅,Electronic Components,2026,2.5212,3.13,10.9338,2.72,"2021,2022,2023,2024,2025","2016,2017,2018,2019,2020,2021,2022,2023,2024,2025",True
2441,超豐,TWSE,127.0,其他電子業,Semiconductor Equipment & Materials,2026,3.0091,2.37,17.3,2.72,"2021,2022,2023,2024,2025","2016,2017,2018,2019,2020,2021,2022,2023,2024,2025",True
6179,亞通,TPEX,37.8,其他,,2026,0.5,1.32,5.1459,2.72,"2021,2022,2023,2024,2025","2016,2017,2018,2019,2020,2021,2022,2023,2024,2025",True
2357,華碩,TWSE,989.0,文化創意業,Computer Hardware,2026,42.0,4.25,134.0,2.71,"2021,2022,2023,2024,2025","2016,2017,2018,2019,2020,2021,2022,2023,2024,2025",True
2801,彰銀,TWSE,27.75,金融保險,Banks - Regional,2026,1.05,3.78,3.73,2.69,"2021,2022,2023,2024,2025","2016,2017,2018,2019,2020,2021,2022,2023,2024,2025",True
6214,精誠,TWSE,189.5,半導體業,Information Technology Services,2026,6.0,3.17,25.4,2.68,"2021,2022,2023,2024,2025","2016,2017,2018,2019,2020,2021,2022,2023,2024,2025",True
3031,佰鴻,TWSE,33.5,農業科技業,Electronic Components,2026,1.0,2.99,4.45,2.66,"2021,2022,2023,2024,2025","2016,2017,2018,2019,2020,2021,2022,2023,2024,2025",True
3042,晶技,TWSE,210.5,觀光餐旅,Electronic Components,2026,4.8,2.28,27.9999,2.66,"2021,2022,2023,2024,2025","2016,2017,2018,2019,2020,2021,2022,2023,2024,2025",True
1326,台化,TWSE,75.8,塑膠工業,Chemicals,2026,0.6,0.79,10.0,2.64,"2021,2022,2023,2024,2025","2016,2017,2018,2019,2020,2021,2022,2023,2024,2025",True
2855,統一證,TWSE,57.7,金融保險,Capital Markets,2026,2.11,3.66,7.6,2.63,"2021,2022,2023,2024,2025","2016,2017,2018,2019,2020,2021,2022,2023,2024,2025",True
2354,鴻準,TWSE,62.1,電腦及周邊設備業,Electronics & Computer Distribution,2026,1.5,2.42,8.0,2.58,"2021,2022,2023,2024,2025","2016,2017,2018,2019,2020,2021,2022,2023,2024,2025",True
3023,信邦,TWSE,323.0,觀光餐旅,Electronic Components,2026,10.0,3.1,41.5563,2.57,"2021,2022,2023,2024,2025","2016,2017,2018,2019,2020,2021,2022,2023,2024,2025",True
2884,玉山金,TWSE,45.75,金融保險,Banks - Regional,2026,1.4,3.06,5.8337,2.55,"2021,2022,2023,2024,2025","2016,2017,2018,2019,2020,2021,2022,2023,2024,2025",True
6271,同欣電,TWSE,241.5,其他電子業,Semiconductor Equipment & Materials,2026,3.0,1.24,30.6705,2.54,"2021,2022,2023,2024,2025","2016,2017,2018,2019,2020,2021,2022,2023,2024,2025",True
6416,瑞祺電通,TWSE,118.0,電子商務,Communication Equipment,2026,2.8,2.37,14.944,2.53,"2021,2022,2023,2024,2025","2016,2017,2018,2019,2020,2021,2022,2023,2024,2025",True
6414,樺漢,TWSE,395.0,文化創意業,Computer Hardware,2026,13.7842,3.49,48.2926,2.45,"2021,2022,2023,2024,2025","2016,2017,2018,2019,2020,2021,2022,2023,2024,2025",True
1773,勝一,TWSE,177.0,化學生技醫療,Chemicals,2026,4.0,2.26,21.4,2.42,"2021,2022,2023,2024,2025","2016,2017,2018,2019,2020,2021,2022,2023,2024,2025",True
4707,磐亞,TPEX,32.8,化學生技醫療,,2026,0.5,1.52,3.95,2.41,"2021,2022,2023,2024,2025","2016,2017,2018,2019,2020,2021,2022,2023,2024,2025",True
5425,台半,TPEX,100.5,其他電子業,,2026,2.0215,2.01,12.023,2.39,"2021,2022,2023,2024,2025","2016,2017,2018,2019,2020,2021,2022,2023,2024,2025",True
2382,廣達,TWSE,335.0,文化創意業,Computer Hardware,2026,15.6,4.66,39.8,2.38,"2021,2022,2023,2024,2025","2016,2017,2018,2019,2020,2021,2022,2023,2024,2025",True
3211,順達,TPEX,388.0,文化創意業,,2026,11.4655,2.96,45.594,2.35,"2021,2022,2023,2024,2025","2016,2017,2018,2019,2020,2021,2022,2023,2024,2025",True
2436,偉詮電,TWSE,72.4,其他電子業,Semiconductors,2026,1.9567,2.7,8.5068,2.35,"2021,2022,2023,2024,2025","2016,2017,2018,2019,2020,2021,2022,2023,2024,2025",True
3357,臺慶科,TPEX,226.5,觀光餐旅,,2026,5.0848,2.24,26.6,2.35,"2021,2022,2023,2024,2025","2016,2017,2018,2019,2020,2021,2022,2023,2024,2025",True
2887,台新新光金,TWSE,42.15,金融保險,Banks - Regional,2026,1.1,2.61,4.9395,2.34,"2021,2022,2023,2024,2025","2016,2017,2018,2019,2020,2021,2022,2023,2024,2025",True
3221,台嘉碩,TPEX,55.0,電子商務,,2026,0.277,0.5,6.3978,2.33,"2021,2022,2023,2024,2025","2016,2017,2018,2019,2020,2021,2022,2023,2024,2025",True
3090,日電貿,TWSE,174.0,觀光餐旅,Electronic Components,2026,4.8,2.76,20.2,2.32,"2021,2022,2023,2024,2025","2016,2017,2018,2019,2020,2021,2022,2023,2024,2025",True
4551,智伸科,TWSE,187.0,汽車工業,Auto Parts,2026,4.2,2.25,21.7,2.32,"2021,2022,2023,2024,2025","2016,2017,2018,2019,2020,2021,2022,2023,2024,2025",True
5347,世界,TPEX,186.5,其他電子業,,2026,4.4738,2.4,21.4982,2.31,"2021,2022,2023,2024,2025","2016,2017,2018,2019,2020,2021,2022,2023,2024,2025",True
1504,東元,TWSE,73.3,電機機械,Specialty Industrial Machinery,2026,2.0,2.73,8.4,2.29,"2021,2022,2023,2024,2025","2016,2017,2018,2019,2020,2021,2022,2023,2024,2025",True
2881,富邦金,TWSE,155.5,金融保險,Insurance - Life,2026,4.25,2.73,17.5,2.25,"2021,2022,2023,2024,2025","2016,2017,2018,2019,2020,2021,2022,2023,2024,2025",True
6472,保瑞,TWSE,428.0,電子通路業,Drug Manufacturers - Specialty & Generic,2026,10.0,2.34,47.9562,2.24,"2021,2022,2023,2024,2025","2016,2017,2018,2019,2020,2021,2022,2023,2024,2025",True
6548,長科*,TPEX,77.3,其他電子業,,2026,1.3511,1.75,8.6143,2.23,"2021,2022,2023,2024,2025","2016,2017,2018,2019,2020,2021,2022,2023,2024,2025",True
2327,國巨*,TWSE,647.0,觀光餐旅,Electronic Components,2026,5.9985,0.93,72.0936,2.23,"2021,2022,2023,2024,2025","2016,2017,2018,2019,2020,2021,2022,2023,2024,2025",True
2355,敬鵬,TWSE,44.6,觀光餐旅,Electronic Components,2026,1.0004,2.24,4.95,2.22,"2021,2022,2023,2024,2025","2016,2017,2018,2019,2020,2021,2022,2023,2024,2025",True
2605,新興,TWSE,36.6,航運業,Marine Shipping,2026,1.0,2.73,4.05,2.21,"2021,2022,2023,2024,2025","2016,2017,2018,2019,2020,2021,2022,2023,2024,2025",True
2882,國泰金,TWSE,113.0,金融保險,Insurance - Life,2026,3.5,3.1,12.4,2.19,"2021,2022,2023,2024,2025","2016,2017,2018,2019,2020,2021,2022,2023,2024,2025",True
2376,技嘉,TWSE,365.5,文化創意業,Computer Hardware,2026,12.0,3.28,39.5579,2.16,"2021,2022,2023,2024,2025","2016,2017,2018,2019,2020,2021,2022,2023,2024,2025",True
2891,中信金,TWSE,68.7,金融保險,Banks - Regional,2026,2.5002,3.64,7.4005,2.15,"2021,2022,2023,2024,2025","2016,2017,2018,2019,2020,2021,2022,2023,2024,2025",True
6278,台表科,TWSE,250.5,農業科技業,Semiconductors,2026,5.565,2.22,26.8,2.14,"2021,2022,2023,2024,2025","2016,2017,2018,2019,2020,2021,2022,2023,2024,2025",True
2428,興勤,TWSE,267.0,觀光餐旅,Electronic Components,2026,5.9,2.21,28.5,2.13,"2021,2022,2023,2024,2025","2016,2017,2018,2019,2020,2021,2022,2023,2024,2025",True
6239,力成,TWSE,307.5,其他電子業,Semiconductors,2026,4.5,1.46,32.8,2.13,"2021,2022,2023,2024,2025","2016,2017,2018,2019,2020,2021,2022,2023,2024,2025",True
6532,瑞耘,TPEX,108.5,其他電子業,,2026,3.0,2.76,11.4927,2.12,"2021,2022,2023,2024,2025","2016,2017,2018,2019,2020,2021,2022,2023,2024,2025",True
2880,華南金,TWSE,46.9,金融保險,Banks - Regional,2026,1.45,3.09,4.889,2.08,"2021,2022,2023,2024,2025","2016,2017,2018,2019,2020,2021,2022,2023,2024,2025",True
2890,永豐金,TWSE,44.65,金融保險,Banks - Regional,2026,1.3,2.91,4.65,2.08,"2021,2022,2023,2024,2025","2016,2017,2018,2019,2020,2021,2022,2023,2024,2025",True
4720,德淵,TWSE,23.25,化學生技醫療,Specialty Chemicals,2026,0.4,1.72,2.4212,2.08,"2021,2022,2023,2024,2025","2016,2017,2018,2019,2020,2021,2022,2023,2024,2025",True
4739,康普,TWSE,87.4,化學生技醫療,Specialty Chemicals,2026,1.0,1.14,8.95,2.05,"2021,2022,2023,2024,2025","2016,2017,2018,2019,2020,2021,2022,2023,2024,2025",True
2317,鴻海,TWSE,252.0,電腦及周邊設備業,Electronic Components,2026,7.1718,2.85,25.7,2.04,"2021,2022,2023,2024,2025","2016,2017,2018,2019,2020,2021,2022,2023,2024,2025",True
2885,元大金,TWSE,70.0,金融保險,Financial Conglomerates,2026,2.2,3.14,7.1,2.03,"2021,2022,2023,2024,2025","2016,2017,2018,2019,2020,2021,2022,2023,2024,2025",True
1709,和益,TWSE,60.2,化學生技醫療,Chemicals,2026,1.0,1.66,6.1,2.03,"2021,2022,2023,2024,2025","2016,2017,2018,2019,2020,2021,2022,2023,2024,2025",True
4919,新唐,TWSE,159.5,其他電子業,Semiconductors,2025,0.4,0.25,16.158,2.03,"2021,2022,2023,2024,2025","2016,2017,2018,2019,2020,2021,2022,2023,2024,2025",True
6147,頎邦,TPEX,226.0,其他電子業,,2026,2.8,1.24,22.8002,2.02,"2021,2022,2023,2024,2025","2016,2017,2018,2019,2020,2021,2022,2023,2024,2025",True
1513,中興電,TWSE,168.0,電機機械,Specialty Industrial Machinery,2026,6.0,3.57,16.5137,1.97,"2021,2022,2023,2024,2025","2016,2017,2018,2019,2020,2021,2022,2023,2024,2025",True
3455,由田,TPEX,284.0,農業科技業,,2026,3.5,1.23,27.5,1.94,"2021,2022,2023,2024,2025","2016,2017,2018,2019,2020,2021,2022,2023,2024,2025",True
2303,聯電,TWSE,148.5,其他電子業,Semiconductors,2026,2.6081,1.76,14.0507,1.89,"2021,2022,2023,2024,2025","2016,2017,2018,2019,2020,2021,2022,2023,2024,2025",True
3706,神達,TWSE,80.9,文化創意業,Computer Hardware,2026,4.0,4.94,7.6,1.88,"2021,2022,2023,2024,2025","2016,2017,2018,2019,2020,2021,2022,2023,2024,2025",True
8261,富鼎,TWSE,191.0,其他電子業,Semiconductors,2026,5.0,2.62,17.6556,1.85,"2021,2022,2023,2024,2025","2016,2017,2018,2019,2020,2021,2022,2023,2024,2025",True
3305,昇貿,TWSE,110.0,電腦及周邊設備業,Electronic Components,2026,2.2833,2.08,10.1049,1.84,"2021,2022,2023,2024,2025","2016,2017,2018,2019,2020,2021,2022,2023,2024,2025",True
4977,眾達-KY,TWSE,175.0,電子商務,Computer Hardware,2026,2.182,1.25,16.0721,1.84,"2021,2022,2023,2024,2025","2016,2017,2018,2019,2020,2021,2022,2023,2024,2025",True
8150,南茂,TWSE,128.5,其他電子業,Semiconductors,2026,1.23,0.96,11.83,1.84,"2021,2022,2023,2024,2025","2016,2017,2018,2019,2020,2021,2022,2023,2024,2025",True
2478,大毅,TWSE,134.5,觀光餐旅,Electronic Components,2026,2.0,1.49,12.3181,1.83,"2021,2022,2023,2024,2025","2016,2017,2018,2019,2020,2021,2022,2023,2024,2025",True
6175,立敦,TPEX,77.9,觀光餐旅,,2026,1.5,1.93,7.0961,1.82,"2021,2022,2023,2024,2025","2016,2017,2018,2019,2020,2021,2022,2023,2024,2025",True
2493,揚博,TWSE,214.0,觀光餐旅,Semiconductor Equipment & Materials,2026,4.0,1.87,19.33,1.81,"2021,2022,2023,2024,2025","2016,2017,2018,2019,2020,2021,2022,2023,2024,2025",True
2451,創見,TWSE,287.0,其他電子業,Computer Hardware,2026,11.7824,4.11,25.7285,1.79,"2021,2022,2023,2024,2025","2016,2017,2018,2019,2020,2021,2022,2023,2024,2025",True
2476,鉅祥,TWSE,131.5,觀光餐旅,Specialty Industrial Machinery,2026,2.9731,2.26,11.5525,1.76,"2021,2022,2023,2024,2025","2016,2017,2018,2019,2020,2021,2022,2023,2024,2025",True
3543,州巧,TWSE,55.7,農業科技業,Electronic Components,2026,0.6,1.08,4.9,1.76,"2021,2022,2023,2024,2025","2016,2017,2018,2019,2020,2021,2022,2023,2024,2025",True
8155,博智,TPEX,326.5,觀光餐旅,,2026,5.1577,1.58,27.7014,1.7,"2021,2022,2023,2024,2025","2016,2017,2018,2019,2020,2021,2022,2023,2024,2025",True
2483,百容,TWSE,38.85,觀光餐旅,Electrical Equipment & Parts,2026,0.3,0.77,3.3,1.7,"2021,2022,2023,2024,2025","2016,2017,2018,2019,2020,2021,2022,2023,2024,2025",True
1717,長興,TWSE,75.6,化學生技醫療,Specialty Chemicals,2026,1.0,1.32,6.2,1.64,"2021,2022,2023,2024,2025","2016,2017,2018,2019,2020,2021,2022,2023,2024,2025",True
5269,祥碩,TWSE,1455.0,其他電子業,Semiconductors,2026,45.3767,3.12,118.583,1.63,"2021,2022,2023,2024,2025","2016,2017,2018,2019,2020,2021,2022,2023,2024,2025",True
8103,瀚荃,TWSE,118.0,觀光餐旅,Electronic Components,2026,2.8,2.37,9.4932,1.61,"2021,2022,2023,2024,2025","2016,2017,2018,2019,2020,2021,2022,2023,2024,2025",True
5243,乙盛-KY,TWSE,96.8,農業科技業,Electronic Components,2026,2.2,2.27,7.8,1.61,"2021,2022,2023,2024,2025","2016,2017,2018,2019,2020,2021,2022,2023,2024,2025",True
5434,崇越,TWSE,605.0,電子工業,Electronics & Computer Distribution,2026,13.4181,2.22,48.7822,1.61,"2021,2022,2023,2024,2025","2016,2017,2018,2019,2020,2021,2022,2023,2024,2025",True
6538,倉和,TPEX,332.5,觀光餐旅,,2026,1.5327,0.46,26.8096,1.61,"2021,2022,2023,2024,2025","2016,2017,2018,2019,2020,2021,2022,2023,2024,2025",True
3035,智原,TWSE,209.0,其他電子業,Semiconductor Equipment & Materials,2026,1.8,0.86,16.5927,1.59,"2021,2022,2023,2024,2025","2016,2017,2018,2019,2020,2021,2022,2023,2024,2025",True
2484,希華,TWSE,87.1,觀光餐旅,Electronic Components,2026,0.7,0.8,6.9,1.58,"2021,2022,2023,2024,2025","2016,2017,2018,2019,2020,2021,2022,2023,2024,2025",True
6285,啟碁,TWSE,257.5,電子商務,Communication Equipment,2026,4.3018,1.67,20.2394,1.57,"2021,2022,2023,2024,2025","2016,2017,2018,2019,2020,2021,2022,2023,2024,2025",True
2421,建準,TWSE,171.5,觀光餐旅,Specialty Industrial Machinery,2026,5.2404,3.06,13.4123,1.56,"2021,2022,2023,2024,2025","2016,2017,2018,2019,2020,2021,2022,2023,2024,2025",True
2301,光寶科,TWSE,300.0,文化創意業,Computer Hardware,2026,5.5,1.83,23.4126,1.56,"2021,2022,2023,2024,2025","2016,2017,2018,2019,2020,2021,2022,2023,2024,2025",True
6505,台塑化,TWSE,107.0,資訊服務業,Oil & Gas Refining & Marketing,2026,1.2,1.12,8.29,1.55,"2021,2022,2023,2024,2025","2016,2017,2018,2019,2020,2021,2022,2023,2024,2025",True
6282,康舒,TWSE,44.05,觀光餐旅,Electrical Equipment & Parts,2026,0.7999,1.82,3.3976,1.54,"2021,2022,2023,2024,2025","2016,2017,2018,2019,2020,2021,2022,2023,2024,2025",True
2236,百達-KY,TWSE,84.3,汽車工業,Specialty Industrial Machinery,2025,0.6199,0.74,6.4583,1.53,"2021,2022,2023,2024,2025","2016,2017,2018,2019,2020,2021,2022,2023,2024,2025",True
3265,台星科,TPEX,238.5,其他電子業,,2026,4.1,1.72,17.9294,1.5,"2021,2022,2023,2024,2025","2016,2017,2018,2019,2020,2021,2022,2023,2024,2025",True
2468,華經,TWSE,41.85,半導體業,Information Technology Services,2026,1.0,2.39,3.1,1.48,"2021,2022,2023,2024,2025","2016,2017,2018,2019,2020,2021,2022,2023,2024,2025",True
3231,緯創,TWSE,185.0,文化創意業,Computer Hardware,2026,5.5006,2.97,13.3972,1.45,"2021,2022,2023,2024,2025","2016,2017,2018,2019,2020,2021,2022,2023,2024,2025",True
1514,亞力,TWSE,103.5,電機機械,Electrical Equipment & Parts,2026,2.2,2.13,7.4276,1.44,"2021,2022,2023,2024,2025","2016,2017,2018,2019,2020,2021,2022,2023,2024,2025",True
2404,漢唐,TWSE,1330.0,電腦及周邊設備業,Engineering & Construction,2026,40.0,3.01,94.1253,1.42,"2021,2022,2023,2024,2025","2016,2017,2018,2019,2020,2021,2022,2023,2024,2025",True
3147,大綜,TPEX,308.0,半導體業,,2026,6.5,2.11,21.8,1.42,"2021,2022,2023,2024,2025","2016,2017,2018,2019,2020,2021,2022,2023,2024,2025",True
6488,環球晶,TPEX,1130.0,其他電子業,,2026,7.7,0.68,80.0,1.42,"2021,2022,2023,2024,2025","2016,2017,2018,2019,2020,2021,2022,2023,2024,2025",True
2634,漢翔,TWSE,63.6,航運業,Aerospace & Defense,2026,0.778,1.22,4.43,1.39,"2021,2022,2023,2024,2025","2016,2017,2018,2019,2020,2021,2022,2023,2024,2025",True
3675,德微,TPEX,344.0,其他電子業,,2026,4.0,1.16,23.85,1.39,"2021,2022,2023,2024,2025","2016,2017,2018,2019,2020,2021,2022,2023,2024,2025",True
6155,鈞寶,TWSE,71.5,觀光餐旅,Electronic Components,2026,0.8,1.12,4.95,1.38,"2021,2022,2023,2024,2025","2016,2017,2018,2019,2020,2021,2022,2023,2024,2025",True
3044,健鼎,TWSE,582.0,觀光餐旅,Electronic Components,2026,12.7,2.18,39.6,1.36,"2021,2022,2023,2024,2025","2016,2017,2018,2019,2020,2021,2022,2023,2024,2025",True
5234,達興材料,TWSE,336.5,農業科技業,Specialty Chemicals,2026,6.5,1.93,22.7,1.35,"2021,2022,2023,2024,2025","2016,2017,2018,2019,2020,2021,2022,2023,2024,2025",True
8271,宇瞻,TWSE,202.0,其他電子業,Semiconductors,2026,4.4484,2.2,13.5703,1.34,"2021,2022,2023,2024,2025","2016,2017,2018,2019,2020,2021,2022,2023,2024,2025",True
3533,嘉澤,TWSE,1825.0,觀光餐旅,Electronic Components,2026,34.9344,1.91,121.8834,1.34,"2021,2022,2023,2024,2025","2016,2017,2018,2019,2020,2021,2022,2023,2024,2025",True
1503,士電,TWSE,199.5,電機機械,Electrical Equipment & Parts,2026,5.0,2.51,12.9,1.29,"2021,2022,2023,2024,2025","2016,2017,2018,2019,2020,2021,2022,2023,2024,2025",True
3645,達邁,TWSE,74.3,觀光餐旅,Electronic Components,2026,1.2,1.62,4.7873,1.29,"2021,2022,2023,2024,2025","2016,2017,2018,2019,2020,2021,2022,2023,2024,2025",True
3008,大立光,TWSE,6845.0,農業科技業,Electronic Components,2026,93.5,1.37,440.1561,1.29,"2021,2022,2023,2024,2025","2016,2017,2018,2019,2020,2021,2022,2023,2024,2025",True
6257,矽格,TWSE,278.0,其他電子業,Semiconductor Equipment & Materials,2026,4.2497,1.53,17.8367,1.28,"2021,2022,2023,2024,2025","2016,2017,2018,2019,2020,2021,2022,2023,2024,2025",True
2472,立隆電,TWSE,243.5,觀光餐旅,Electronic Components,2026,3.5,1.44,15.5251,1.28,"2021,2022,2023,2024,2025","2016,2017,2018,2019,2020,2021,2022,2023,2024,2025",True
5536,聖暉*,TPEX,1030.0,電腦及周邊設備業,,2026,20.0,1.94,64.1812,1.25,"2021,2022,2023,2024,2025","2016,2017,2018,2019,2020,2021,2022,2023,2024,2025",True
3030,德律,TWSE,313.5,電腦及周邊設備業,Scientific & Technical Instruments,2026,7.0,2.23,19.4,1.24,"2021,2022,2023,2024,2025","2016,2017,2018,2019,2020,2021,2022,2023,2024,2025",True
3264,欣銓,TPEX,256.0,其他電子業,,2026,4.2,1.64,15.6001,1.22,"2021,2022,2023,2024,2025","2016,2017,2018,2019,2020,2021,2022,2023,2024,2025",True
3563,牧德,TWSE,740.0,農業科技業,Semiconductor Equipment & Materials,2026,12.0,1.62,45.0,1.22,"2021,2022,2023,2024,2025","2016,2017,2018,2019,2020,2021,2022,2023,2024,2025",True
2454,聯發科,TWSE,4835.0,其他電子業,Semiconductors,2026,53.5002,1.11,295.0132,1.22,"2021,2022,2023,2024,2025","2016,2017,2018,2019,2020,2021,2022,2023,2024,2025",True
5439,高技,TPEX,260.5,觀光餐旅,,2026,7.1999,2.76,15.7,1.21,"2021,2022,2023,2024,2025","2016,2017,2018,2019,2020,2021,2022,2023,2024,2025",True
2395,研華,TWSE,733.0,文化創意業,Computer Hardware,2026,11.1586,1.52,43.9002,1.2,"2021,2022,2023,2024,2025","2016,2017,2018,2019,2020,2021,2022,2023,2024,2025",True
2351,順德,TWSE,218.0,其他電子業,Semiconductor Equipment & Materials,2026,1.0288,0.47,13.1,1.2,"2021,2022,2023,2024,2025","2016,2017,2018,2019,2020,2021,2022,2023,2024,2025",True
3680,家登,TPEX,571.0,其他電子業,,2026,4.9973,0.88,34.0486,1.19,"2021,2022,2023,2024,2025","2016,2017,2018,2019,2020,2021,2022,2023,2024,2025",True
1736,喬山,TWSE,122.0,其他電子業,Leisure,2026,4.5,3.69,7.2188,1.18,"2021,2022,2023,2024,2025","2016,2017,2018,2019,2020,2021,2022,2023,2024,2025",True
1590,亞德客-KY,TWSE,1230.0,電機機械,Specialty Industrial Machinery,2026,29.1078,2.37,72.8168,1.18,"2021,2022,2023,2024,2025","2016,2017,2018,2019,2020,2021,2022,2023,2024,2025",True
3236,千如,TPEX,58.9,觀光餐旅,,2026,0.5,0.85,3.36,1.14,"2021,2022,2023,2024,2025","2016,2017,2018,2019,2020,2021,2022,2023,2024,2025",True
6290,良維,TPEX,280.5,觀光餐旅,,2026,6.1923,2.21,15.5816,1.11,"2021,2022,2023,2024,2025","2016,2017,2018,2019,2020,2021,2022,2023,2024,2025",True
2312,金寶,TWSE,31.05,電腦及周邊設備業,Computer Hardware,2026,0.5999,1.93,1.6892,1.09,"2021,2022,2023,2024,2025","2016,2017,2018,2019,2020,2021,2022,2023,2024,2025",True
6197,佳必琪,TWSE,371.0,觀光餐旅,Computer Hardware,2026,6.9233,1.87,20.3,1.09,"2021,2022,2023,2024,2025","2016,2017,2018,2019,2020,2021,2022,2023,2024,2025",True
3094,聯傑,TWSE,67.5,其他電子業,Semiconductors,2026,0.25,0.37,3.5693,1.06,"2021,2022,2023,2024,2025","2016,2017,2018,2019,2020,2021,2022,2023,2024,2025",True
2449,京元電子,TWSE,299.5,其他電子業,Semiconductors,2026,1.5,0.5,15.7,1.05,"2021,2022,2023,2024,2025","2016,2017,2018,2019,2020,2021,2022,2023,2024,2025",True
3260,威剛,TPEX,362.5,其他電子業,,2026,35.0077,9.66,18.7407,1.03,"2021,2022,2023,2024,2025","2016,2017,2018,2019,2020,2021,2022,2023,2024,2025",True
1597,直得,TWSE,145.0,電機機械,Electrical Equipment & Parts,2026,0.7,0.48,7.5,1.03,"2021,2022,2023,2024,2025","2016,2017,2018,2019,2020,2021,2022,2023,2024,2025",True
6207,雷科,TPEX,146.0,觀光餐旅,,2026,0.6028,0.41,7.5,1.03,"2021,2022,2023,2024,2025","2016,2017,2018,2019,2020,2021,2022,2023,2024,2025",True
8299,群聯,TPEX,2060.0,其他電子業,,2026,16.9643,0.82,105.1235,1.02,"2021,2022,2023,2024,2025","2016,2017,2018,2019,2020,2021,2022,2023,2024,2025",True
2049,上銀,TWSE,342.5,電機機械,Tools & Accessories,2026,2.0,0.58,17.2,1.0,"2021,2022,2023,2024,2025","2016,2017,2018,2019,2020,2021,2022,2023,2024,2025",True
3006,晶豪科,TWSE,270.5,其他電子業,Semiconductors,2026,1.0,0.37,13.4,0.99,"2021,2022,2023,2024,2025","2016,2017,2018,2019,2020,2021,2022,2023,2024,2025",True
5284,jpp-KY,TWSE,286.5,其他,Electronic Components,2026,5.0,1.75,13.6842,0.96,"2021,2022,2023,2024,2025","2016,2017,2018,2019,2020,2021,2022,2023,2024,2025",True
4973,廣穎,TPEX,149.0,其他電子業,,2026,1.0,0.67,7.0,0.94,"2021,2022,2023,2024,2025","2016,2017,2018,2019,2020,2021,2022,2023,2024,2025",True
6449,鈺邦,TWSE,261.5,觀光餐旅,Electronic Components,2026,4.2009,1.61,11.9818,0.92,"2021,2022,2023,2024,2025","2016,2017,2018,2019,2020,2021,2022,2023,2024,2025",True
4760,勤凱,TPEX,367.0,電腦及周邊設備業,,2026,4.6993,1.28,16.85,0.92,"2021,2022,2023,2024,2025","2016,2017,2018,2019,2020,2021,2022,2023,2024,2025",True
3624,光頡,TPEX,175.0,觀光餐旅,,2026,1.1,0.63,8.03,0.92,"2021,2022,2023,2024,2025","2016,2017,2018,2019,2020,2021,2022,2023,2024,2025",True
1303,南亞,TWSE,314.0,塑膠工業,Specialty Chemicals,2026,0.8,0.25,14.3,0.91,"2021,2022,2023,2024,2025","2016,2017,2018,2019,2020,2021,2022,2023,2024,2025",True
8042,金山電,TPEX,138.5,觀光餐旅,,2026,1.1959,0.86,6.2,0.9,"2021,2022,2023,2024,2025","2016,2017,2018,2019,2020,2021,2022,2023,2024,2025",True
6166,凌華,TWSE,131.0,文化創意業,Computer Hardware,2026,1.199,0.92,5.7328,0.88,"2021,2022,2023,2024,2025","2016,2017,2018,2019,2020,2021,2022,2023,2024,2025",True
2359,所羅門,TWSE,127.5,電腦及周邊設備業,Electronic Components,2026,1.0,0.78,5.6,0.88,"2021,2022,2023,2024,2025","2016,2017,2018,2019,2020,2021,2022,2023,2024,2025",True
5289,宜鼎,TPEX,1250.0,文化創意業,,2026,17.0341,1.36,52.4737,0.84,"2021,2022,2023,2024,2025","2016,2017,2018,2019,2020,2021,2022,2023,2024,2025",True
4908,前鼎,TPEX,243.5,電子商務,,2026,1.0,0.41,10.05,0.83,"2021,2022,2023,2024,2025","2016,2017,2018,2019,2020,2021,2022,2023,2024,2025",True
2492,華新科,TWSE,428.0,觀光餐旅,Electronic Components,2026,2.5031,0.58,17.4861,0.82,"2021,2022,2023,2024,2025","2016,2017,2018,2019,2020,2021,2022,2023,2024,2025",True
2313,華通,TWSE,246.0,觀光餐旅,Electronic Components,2026,2.8,1.14,9.9,0.8,"2021,2022,2023,2024,2025","2016,2017,2018,2019,2020,2021,2022,2023,2024,2025",True
3026,禾伸堂,TWSE,839.0,觀光餐旅,Electronic Components,2026,5.8,0.69,33.0,0.79,"2021,2022,2023,2024,2025","2016,2017,2018,2019,2020,2021,2022,2023,2024,2025",True
4958,臻鼎-KY,TWSE,595.0,觀光餐旅,Electronic Components,2026,3.4217,0.58,23.575,0.79,"2021,2022,2023,2024,2025","2016,2017,2018,2019,2020,2021,2022,2023,2024,2025",True
6196,帆宣,TWSE,670.0,電腦及周邊設備業,Electronic Components,2026,6.4488,0.96,25.4882,0.76,"2021,2022,2023,2024,2025","2016,2017,2018,2019,2020,2021,2022,2023,2024,2025",True
4722,國精化,TWSE,224.0,化學生技醫療,Specialty Chemicals,2026,1.1841,0.53,8.4962,0.76,"2021,2022,2023,2024,2025","2016,2017,2018,2019,2020,2021,2022,2023,2024,2025",True
8039,台虹,TWSE,304.5,觀光餐旅,Electronic Components,2026,1.9934,0.65,11.3747,0.75,"2021,2022,2023,2024,2025","2016,2017,2018,2019,2020,2021,2022,2023,2024,2025",True
6139,亞翔,TWSE,787.0,電腦及周邊設備業,Engineering & Construction,2026,22.9962,2.92,28.8673,0.73,"2021,2022,2023,2024,2025","2016,2017,2018,2019,2020,2021,2022,2023,2024,2025",True
3532,台勝科,TWSE,513.0,其他電子業,Semiconductor Equipment & Materials,2026,1.0,0.19,18.47,0.72,"2021,2022,2023,2024,2025","2016,2017,2018,2019,2020,2021,2022,2023,2024,2025",True
2464,盟立,TWSE,193.0,電腦及周邊設備業,Specialty Industrial Machinery,2026,0.4714,0.24,6.85,0.71,"2021,2022,2023,2024,2025","2016,2017,2018,2019,2020,2021,2022,2023,2024,2025",True
1711,永光,TWSE,45.45,化學生技醫療,Specialty Chemicals,2025,0.3,0.66,1.6,0.7,"2021,2022,2023,2024,2025","2016,2017,2018,2019,2020,2021,2022,2023,2024,2025",True
3131,弘塑,TPEX,2465.0,其他電子業,,2026,46.0845,1.87,84.0,0.68,"2021,2022,2023,2024,2025","2016,2017,2018,2019,2020,2021,2022,2023,2024,2025",True
6531,愛普*,TWSE,1000.0,其他電子業,Semiconductors,2026,6.9856,0.7,31.9837,0.64,"2021,2022,2023,2024,2025","2016,2017,2018,2019,2020,2021,2022,2023,2024,2025",True
1519,華城,TWSE,702.0,電機機械,Electrical Equipment & Parts,2026,12.0,1.71,21.8,0.62,"2021,2022,2023,2024,2025","2016,2017,2018,2019,2020,2021,2022,2023,2024,2025",True
8028,昇陽半導體,TWSE,285.0,其他電子業,Semiconductor Equipment & Materials,2026,2.702,0.95,8.4,0.59,"2021,2022,2023,2024,2025","2016,2017,2018,2019,2020,2021,2022,2023,2024,2025",True
3529,力旺,TPEX,2915.0,其他電子業,,2026,20.5,0.7,82.9943,0.57,"2021,2022,2023,2024,2025","2016,2017,2018,2019,2020,2021,2022,2023,2024,2025",True
8210,勤誠,TWSE,872.0,文化創意業,Computer Hardware,2026,14.0,1.61,23.4979,0.54,"2021,2022,2023,2024,2025","2016,2017,2018,2019,2020,2021,2022,2023,2024,2025",True
2330,台積電,TWSE,2585.0,其他電子業,Semiconductors,2026,19.0001,0.74,66.9991,0.52,"2021,2022,2023,2024,2025","2016,2017,2018,2019,2020,2021,2022,2023,2024,2025",True
2455,全新,TWSE,559.0,電子商務,Semiconductor Equipment & Materials,2026,2.6206,0.47,14.3076,0.51,"2021,2022,2023,2024,2025","2016,2017,2018,2019,2020,2021,2022,2023,2024,2025",True
8046,南電,TWSE,1480.0,觀光餐旅,Electronic Components,2026,2.0,0.14,37.9,0.51,"2021,2022,2023,2024,2025","2016,2017,2018,2019,2020,2021,2022,2023,2024,2025",True
6451,訊芯-KY,TWSE,426.5,其他電子業,Semiconductors,2026,0.2177,0.05,10.6459,0.5,"2021,2022,2023,2024,2025","2016,2017,2018,2019,2020,2021,2022,2023,2024,2025",True
1809,中釉,TWSE,46.5,玻璃陶瓷,Building Products & Equipment,2026,0.25,0.54,1.15,0.49,"2021,2022,2023,2024,2025","2016,2017,2018,2019,2020,2021,2022,2023,2024,2025",True
3324,雙鴻,TPEX,1520.0,電腦及周邊設備業,,2026,11.9033,0.78,34.4467,0.45,"2021,2022,2023,2024,2025","2016,2017,2018,2019,2020,2021,2022,2023,2024,2025",True
8043,蜜望實,TPEX,146.5,觀光餐旅,,2026,0.9,0.61,3.282,0.45,"2021,2022,2023,2024,2025","2016,2017,2018,2019,2020,2021,2022,2023,2024,2025",True
5386,青雲,TPEX,282.5,文化創意業,,2026,6.5,2.3,6.2685,0.44,"2021,2022,2023,2024,2025","2016,2017,2018,2019,2020,2021,2022,2023,2024,2025",True
3583,辛耘,TWSE,743.0,其他電子業,Semiconductors,2026,5.7476,0.77,16.45,0.44,"2021,2022,2023,2024,2025","2016,2017,2018,2019,2020,2021,2022,2023,2024,2025",True
6426,統新,TWSE,347.5,電子商務,Communication Equipment,2026,0.5,0.14,7.4994,0.43,"2021,2022,2023,2024,2025","2016,2017,2018,2019,2020,2021,2022,2023,2024,2025",True
4916,事欣科,TWSE,102.5,文化創意業,Computer Hardware,2026,0.4985,0.49,2.1519,0.42,"2021,2022,2023,2024,2025","2016,2017,2018,2019,2020,2021,2022,2023,2024,2025",True
2345,智邦,TWSE,2015.0,電子商務,Communication Equipment,2026,15.0,0.74,40.9897,0.41,"2021,2022,2023,2024,2025","2016,2017,2018,2019,2020,2021,2022,2023,2024,2025",True
6213,聯茂,TWSE,796.0,觀光餐旅,Electronic Components,2026,2.9989,0.38,16.3,0.41,"2021,2022,2023,2024,2025","2016,2017,2018,2019,2020,2021,2022,2023,2024,2025",True
3665,貿聯-KY,TWSE,2315.0,電腦及周邊設備業,Electrical Equipment & Parts,2026,15.1849,0.66,46.842,0.4,"2021,2022,2023,2024,2025","2016,2017,2018,2019,2020,2021,2022,2023,2024,2025",True
2308,台達電,TWSE,1990.0,觀光餐旅,Electronic Components,2026,11.6,0.58,34.27,0.34,"2021,2022,2023,2024,2025","2016,2017,2018,2019,2020,2021,2022,2023,2024,2025",True
1560,中砂,TWSE,1020.0,電機機械,Tools & Accessories,2026,4.9421,0.48,17.5769,0.34,"2021,2022,2023,2024,2025","2016,2017,2018,2019,2020,2021,2022,2023,2024,2025",True
3055,蔚華科,TWSE,223.0,電子工業,Semiconductor Equipment & Materials,2026,0.5,0.22,3.4103,0.31,"2021,2022,2023,2024,2025","2016,2017,2018,2019,2020,2021,2022,2023,2024,2025",True
2360,致茂,TWSE,2400.0,電腦及周邊設備業,Scientific & Technical Instruments,2026,19.5,0.81,35.0812,0.29,"2021,2022,2023,2024,2025","2016,2017,2018,2019,2020,2021,2022,2023,2024,2025",True
6187,萬潤,TPEX,1525.0,其他電子業,,2026,11.6606,0.76,22.2214,0.29,"2021,2022,2023,2024,2025","2016,2017,2018,2019,2020,2021,2022,2023,2024,2025",True
6274,台燿,TPEX,1740.0,觀光餐旅,,2026,7.5066,0.43,24.3177,0.28,"2021,2022,2023,2024,2025","2016,2017,2018,2019,2020,2021,2022,2023,2024,2025",True
8021,尖點,TWSE,556.0,電腦及周邊設備業,Tools & Accessories,2026,1.9722,0.35,7.8869,0.28,"2021,2022,2023,2024,2025","2016,2017,2018,2019,2020,2021,2022,2023,2024,2025",True
6510,精測,TPEX,3320.0,其他電子業,,2026,15.2349,0.46,45.65,0.27,"2021,2022,2023,2024,2025","2016,2017,2018,2019,2020,2021,2022,2023,2024,2025",True
3037,欣興,TWSE,1305.0,觀光餐旅,Electronic Components,2026,1.9802,0.15,17.2859,0.26,"2021,2022,2023,2024,2025","2016,2017,2018,2019,2020,2021,2022,2023,2024,2025",True
3189,景碩,TWSE,1100.0,其他電子業,Semiconductor Equipment & Materials,2026,1.5176,0.14,13.9759,0.25,"2021,2022,2023,2024,2025","2016,2017,2018,2019,2020,2021,2022,2023,2024,2025",True
3491,昇達科,TPEX,1685.0,電子商務,,2026,6.8,0.4,20.2966,0.24,"2021,2022,2023,2024,2025","2016,2017,2018,2019,2020,2021,2022,2023,2024,2025",True
3167,大量,TWSE,1025.0,電機機械,Specialty Industrial Machinery,2026,3.9148,0.38,10.7988,0.21,"2021,2022,2023,2024,2025","2016,2017,2018,2019,2020,2021,2022,2023,2024,2025",True
5274,信驊,TPEX,17485.0,其他電子業,,2026,81.0,0.46,179.0,0.2,"2021,2022,2023,2024,2025","2016,2017,2018,2019,2020,2021,2022,2023,2024,2025",True
6442,光聖,TWSE,1815.0,電子商務,Electronic Components,2026,11.2587,0.62,15.0227,0.17,"2021,2022,2023,2024,2025","2016,2017,2018,2019,2020,2021,2022,2023,2024,2025",True
2383,台光電,TWSE,5950.0,觀光餐旅,Electronic Components,2026,25.0,0.42,51.9614,0.17,"2021,2022,2023,2024,2025","2016,2017,2018,2019,2020,2021,2022,2023,2024,2025",True
3017,奇鋐,TWSE,3545.0,文化創意業,Electronic Components,2026,20.8816,0.59,28.9835,0.16,"2021,2022,2023,2024,2025","2016,2017,2018,2019,2020,2021,2022,2023,2024,2025",True
8996,高力,TWSE,1645.0,電機機械,Specialty Industrial Machinery,2026,4.5552,0.28,12.7031,0.15,"2021,2022,2023,2024,2025","2016,2017,2018,2019,2020,2021,2022,2023,2024,2025",True
2059,川湖,TWSE,11790.0,觀光餐旅,"Furnishings, Fixtures & Appliances",2026,51.0,0.43,83.39,0.14,"2021,2022,2023,2024,2025","2016,2017,2018,2019,2020,2021,2022,2023,2024,2025",True
6223,旺矽,TPEX,5575.0,其他電子業,,2026,22.0,0.39,38.9837,0.14,"2021,2022,2023,2024,2025","2016,2017,2018,2019,2020,2021,2022,2023,2024,2025",True
3653,健策,TWSE,6805.0,觀光餐旅,Electronic Components,2026,21.7207,0.32,49.0127,0.14,"2021,2022,2023,2024,2025","2016,2017,2018,2019,2020,2021,2022,2023,2024,2025",True
3443,創意,TWSE,8460.0,其他電子業,Semiconductors,2026,20.0,0.24,56.0,0.13,"2021,2022,2023,2024,2025","2016,2017,2018,2019,2020,2021,2022,2023,2024,2025",True
3081,聯亞,TPEX,2960.0,電子商務,,2026,4.0,0.14,13.0002,0.09,"2021,2022,2023,2024,2025","2016,2017,2018,2019,2020,2021,2022,2023,2024,2025",True
